codigo,fecha_pago,vr_pre_pago_por_vn100,interes_por_vn100,amortizacion_por_vn100,moneda_flujo,descripcion
AE38D,2026-07-09,100.0,2.5,0.0,USD,intereses
AE38D,2027-01-09,100.0,2.5,0.0,USD,intereses
AE38D,2027-07-09,100.0,2.5,4.55,USD,intereses + amortizacion
AE38D,2028-01-09,95.4546,2.39,4.55,USD,intereses + amortizacion
AE38D,2028-07-09,90.9091,2.27,4.55,USD,intereses + amortizacion
AE38D,2029-01-09,86.3637,2.16,4.55,USD,intereses + amortizacion
AE38D,2029-07-09,81.8182,2.05,4.55,USD,intereses + amortizacion
AE38D,2030-01-09,77.2728,1.93,4.55,USD,intereses + amortizacion
AE38D,2030-07-09,72.7273,1.82,4.55,USD,intereses + amortizacion
AE38D,2031-01-09,68.1819,1.7,4.55,USD,intereses + amortizacion
AE38D,2031-07-09,63.6364,1.59,4.55,USD,intereses + amortizacion
AE38D,2032-01-09,59.0909,1.48,4.55,USD,intereses + amortizacion
AE38D,2032-07-09,54.5455,1.36,4.55,USD,intereses + amortizacion
AE38D,2033-01-09,50.0001,1.25,4.55,USD,intereses + amortizacion
AE38D,2033-07-09,45.4546,1.14,4.55,USD,intereses + amortizacion
AE38D,2034-01-09,40.9092,1.02,4.55,USD,intereses + amortizacion
AE38D,2034-07-09,36.3637,0.91,4.55,USD,intereses + amortizacion
AE38D,2035-01-09,31.8183,0.8,4.55,USD,intereses + amortizacion
AE38D,2035-07-09,27.2728,0.68,4.55,USD,intereses + amortizacion
AE38D,2036-01-09,22.7274,0.57,4.55,USD,intereses + amortizacion
AE38D,2036-07-09,18.1819,0.45,4.55,USD,intereses + amortizacion
AE38D,2037-01-09,13.6365,0.34,4.55,USD,intereses + amortizacion
AE38D,2037-07-09,9.0909,0.23,4.55,USD,intereses + amortizacion
AE38D,2038-01-09,4.5455,0.11,4.55,USD,intereses + amortizacion
AL29D,2026-07-09,70.0,0.35,10.0,USD,intereses + amortizacion
AL29D,2027-01-09,60.0,0.3,10.0,USD,intereses + amortizacion
AL29D,2027-07-09,50.0,0.25,10.0,USD,intereses + amortizacion
AL29D,2028-01-09,40.0,0.2,10.0,USD,intereses + amortizacion
AL29D,2028-07-09,30.0,0.15,10.0,USD,intereses + amortizacion
AL29D,2029-01-09,20.0,0.1,10.0,USD,intereses + amortizacion
AL29D,2029-07-09,10.0,0.05,10.0,USD,intereses + amortizacion
AL30D,2026-07-09,72.0000,0.2700,8.0000,USD,intereses + amortizacion
AL30D,2027-01-09,64.0000,0.2400,8.0000,USD,intereses + amortizacion
AL30D,2027-07-09,56.0000,0.2100,8.0000,USD,intereses + amortizacion
AL30D,2028-01-09,48.0000,0.4200,8.0000,USD,intereses + amortizacion
AL30D,2028-07-09,40.0000,0.3500,8.0000,USD,intereses + amortizacion
AL30D,2029-01-09,32.0000,0.2800,8.0000,USD,intereses + amortizacion
AL30D,2029-07-09,24.0000,0.2100,8.0000,USD,intereses + amortizacion
AL30D,2030-01-09,16.0000,0.1400,8.0000,USD,intereses + amortizacion
AL30D,2030-07-09,8.0000,0.0700,8.0000,USD,intereses + amortizacion
AL35D,2026-07-09,100.0,2.06,0.0,USD,intereses
AL35D,2027-01-09,100.0,2.06,0.0,USD,intereses
AL35D,2027-07-09,100.0,2.06,0.0,USD,intereses
AL35D,2028-01-09,100.0,2.38,0.0,USD,intereses
AL35D,2028-07-09,100.0,2.38,0.0,USD,intereses
AL35D,2029-01-09,100.0,2.5,0.0,USD,intereses
AL35D,2029-07-09,100.0,2.5,0.0,USD,intereses
AL35D,2030-01-09,100.0,2.5,0.0,USD,intereses
AL35D,2030-07-09,100.0,2.5,0.0,USD,intereses
AL35D,2031-01-09,100.0,2.5,10.0,USD,intereses + amortizacion
AL35D,2031-07-09,90.0,2.25,10.0,USD,intereses + amortizacion
AL35D,2032-01-09,80.0,2.0,10.0,USD,intereses + amortizacion
AL35D,2032-07-09,70.0,1.75,10.0,USD,intereses + amortizacion
AL35D,2033-01-09,60.0,1.5,10.0,USD,intereses + amortizacion
AL35D,2033-07-09,50.0,1.25,10.0,USD,intereses + amortizacion
AL35D,2034-01-09,40.0,1.0,10.0,USD,intereses + amortizacion
AL35D,2034-07-09,30.0,0.75,10.0,USD,intereses + amortizacion
AL35D,2035-01-09,20.0,0.5,10.0,USD,intereses + amortizacion
AL35D,2035-07-09,10.0,0.25,10.0,USD,intereses + amortizacion
AL41D,2026-07-09,100.0000,1.7500,0.0000,USD,intereses
AL41D,2027-01-09,100.0000,1.7500,0.0000,USD,intereses
AL41D,2027-07-09,100.0000,1.7500,0.0000,USD,intereses
AL41D,2028-01-09,100.0000,1.7500,3.5714,USD,intereses + amortizacion
AL41D,2028-07-09,96.4286,1.6900,3.5714,USD,intereses + amortizacion
AL41D,2029-01-09,92.8572,1.6300,3.5714,USD,intereses + amortizacion
AL41D,2029-07-09,89.2858,1.5600,3.5714,USD,intereses + amortizacion
AL41D,2030-01-09,85.7144,2.0900,3.5714,USD,intereses + amortizacion
AL41D,2030-07-09,82.1430,2.0000,3.5714,USD,intereses + amortizacion
AL41D,2031-01-09,78.5716,1.9200,3.5714,USD,intereses + amortizacion
AL41D,2031-07-09,75.0002,1.8300,3.5714,USD,intereses + amortizacion
AL41D,2032-01-09,71.4288,1.7400,3.5714,USD,intereses + amortizacion
AL41D,2032-07-09,67.8574,1.6500,3.5714,USD,intereses + amortizacion
AL41D,2033-01-09,64.2860,1.5700,3.5714,USD,intereses + amortizacion
AL41D,2033-07-09,60.7146,1.4800,3.5714,USD,intereses + amortizacion
AL41D,2034-01-09,57.1432,1.3900,3.5714,USD,intereses + amortizacion
AL41D,2034-07-09,53.5718,1.3100,3.5714,USD,intereses + amortizacion
AL41D,2035-01-09,50.0004,1.2200,3.5714,USD,intereses + amortizacion
AL41D,2035-07-09,46.4290,1.1300,3.5714,USD,intereses + amortizacion
AL41D,2036-01-09,42.8576,1.0400,3.5714,USD,intereses + amortizacion
AL41D,2036-07-09,39.2862,0.9600,3.5714,USD,intereses + amortizacion
AL41D,2037-01-09,35.7148,0.8700,3.5714,USD,intereses + amortizacion
AL41D,2037-07-09,32.1434,0.7800,3.5714,USD,intereses + amortizacion
AL41D,2038-01-09,28.5720,0.7000,3.5714,USD,intereses + amortizacion
AL41D,2038-07-09,25.0006,0.6100,3.5714,USD,intereses + amortizacion
AL41D,2039-01-09,21.4292,0.5200,3.5714,USD,intereses + amortizacion
AL41D,2039-07-09,17.8578,0.4400,3.5714,USD,intereses + amortizacion
AL41D,2040-01-09,14.2864,0.3500,3.5714,USD,intereses + amortizacion
AL41D,2040-07-09,10.7150,0.2600,3.5714,USD,intereses + amortizacion
AL41D,2041-01-09,7.1436,0.1700,3.5714,USD,intereses + amortizacion
AL41D,2041-07-09,3.5722,0.0900,3.5714,USD,intereses + amortizacion
BA7DD,2026-03-01,91.84,3.04,2.9,USD,interes + amortizacion
BA7DD,2026-09-01,88.94,2.95,2.9,USD,interes + amortizacion
BA7DD,2027-03-01,86.04,2.85,3.28,USD,interes + amortizacion
BA7DD,2027-09-01,82.76,2.74,3.28,USD,interes + amortizacion
BA7DD,2028-03-01,79.48,2.63,3.47,USD,interes + amortizacion
BA7DD,2028-09-01,76.01,2.52,3.47,USD,interes + amortizacion
BA7DD,2029-03-01,72.54,2.4,3.79,USD,interes + amortizacion
BA7DD,2029-09-01,68.75,2.28,3.79,USD,interes + amortizacion
BA7DD,2030-03-01,64.96,2.15,3.08,USD,interes + amortizacion
BA7DD,2030-09-01,61.88,2.05,3.08,USD,interes + amortizacion
BA7DD,2031-03-01,58.8,1.95,3.59,USD,interes + amortizacion
BA7DD,2031-09-01,55.21,1.83,3.59,USD,interes + amortizacion
BA7DD,2032-03-01,51.62,1.71,3.77,USD,interes + amortizacion
BA7DD,2032-09-01,47.85,1.59,3.77,USD,interes + amortizacion
BA7DD,2033-03-01,44.08,1.46,3.94,USD,interes + amortizacion
BA7DD,2033-09-01,40.14,1.33,3.94,USD,interes + amortizacion
BA7DD,2034-03-01,36.2,1.2,4.2,USD,interes + amortizacion
BA7DD,2034-09-01,32.0,1.06,4.2,USD,interes + amortizacion
BA7DD,2035-03-01,27.8,0.92,4.4,USD,interes + amortizacion
BA7DD,2035-09-01,23.4,0.78,4.4,USD,interes + amortizacion
BA7DD,2036-03-01,19.0,0.63,4.67,USD,interes + amortizacion
BA7DD,2036-09-01,14.33,0.47,4.67,USD,interes + amortizacion
BA7DD,2037-03-01,9.66,0.32,4.83,USD,interes + amortizacion
BA7DD,2037-09-01,4.83,0.16,4.83,USD,interes + amortizacion
BA7DD,2026-04-30,100.0,2.5,0.0,ARS,interes
BA7DD,2026-10-30,100.0,2.5,0.0,ARS,interes
BA7DD,2027-04-30,100.0,2.5,50.0,ARS,interes + amortizacion
BA7DD,2027-10-30,50.0,1.25,50.0,ARS,interes + amortizacion
BPB7D,2026-04-30,100.0,2.5,0.0,ARS,interes
BPB7D,2026-10-30,100.0,2.5,0.0,ARS,interes
BPB7D,2027-04-30,100.0,2.5,50.0,ARS,interes + amortizacion
BPB7D,2027-10-30,50.0,1.25,50.0,ARS,interes + amortizacion
BPC7D,2026-04-30,100.0,2.49,0.0,ARS,interes
BPC7D,2026-10-30,100.0,2.51,0.0,ARS,interes
BPC7D,2027-04-30,100.0,2.49,50.0,ARS,interes + amortizacion
BPC7D,2027-10-30,50.0,1.25,50.0,ARS,interes + amortizacion
BPD7D,2026-04-30,100.0,2.5,0.0,ARS,interes
BPD7D,2026-10-30,100.0,2.5,0.0,ARS,interes
BPD7D,2027-04-30,100.0,2.5,50.0,ARS,interes + amortizacion
BPD7D,2027-10-31,50.0,1.26,50.0,ARS,interes + amortizacion
BPY6D,2026-02-28,67.0,0.49,33.0,ARS,interes + amortizacion
BPY6D,2026-05-31,34.0,0.26,34.0,ARS,interes + amortizacion
CS38O,2026-03-03,100.0,1.29,100.0,USD,interes + amortizacion
CUAP,2026-06-30,100.0,88.93,0.0,ARS,interes
CUAP,2026-12-31,100.0,89.93,0.0,ARS,interes
CUAP,2027-06-30,100.0,88.93,0.0,ARS,interes
CUAP,2027-12-31,100.0,89.93,0.0,ARS,interes
CUAP,2028-06-30,100.0,88.93,0.0,ARS,interes
CUAP,2028-12-31,100.0,89.93,0.0,ARS,interes
CUAP,2029-06-30,100.0,88.93,0.0,ARS,interes
CUAP,2029-12-31,100.0,89.93,0.0,ARS,interes
CUAP,2030-06-30,100.0,88.93,0.0,ARS,interes
CUAP,2030-12-31,100.0,89.93,0.0,ARS,interes
CUAP,2031-06-30,100.0,88.93,0.0,ARS,interes
CUAP,2031-12-31,100.0,89.93,0.0,ARS,interes
CUAP,2032-06-30,100.0,88.93,0.0,ARS,interes
CUAP,2032-12-31,100.0,89.93,0.0,ARS,interes
CUAP,2033-06-30,100.0,88.93,0.0,ARS,interes
CUAP,2033-12-31,100.0,89.93,0.0,ARS,interes
CUAP,2034-06-30,100.0,88.93,0.0,ARS,interes
CUAP,2034-12-31,100.0,89.93,0.0,ARS,interes
CUAP,2035-06-30,100.0,88.93,0.0,ARS,interes
CUAP,2035-12-31,100.0,89.93,0.0,ARS,interes
CUAP,2036-06-30,100.0,88.93,270.18,ARS,interes + amortizacion
CUAP,2036-12-31,95.0,85.43,270.18,ARS,interes + amortizacion
CUAP,2037-06-30,90.0,80.04,270.18,ARS,interes + amortizacion
CUAP,2037-12-31,85.0,76.44,270.18,ARS,interes + amortizacion
CUAP,2038-06-30,80.0,71.15,270.18,ARS,interes + amortizacion
CUAP,2038-12-31,75.0,67.45,270.18,ARS,interes + amortizacion
CUAP,2039-06-30,70.0,62.25,270.18,ARS,interes + amortizacion
CUAP,2039-12-31,65.0,58.45,270.18,ARS,interes + amortizacion
CUAP,2040-06-30,60.0,53.36,270.18,ARS,interes + amortizacion
CUAP,2040-12-31,55.0,49.46,270.18,ARS,interes + amortizacion
CUAP,2041-06-30,50.0,44.47,270.18,ARS,interes + amortizacion
CUAP,2041-12-31,45.0,40.47,270.18,ARS,interes + amortizacion
CUAP,2042-06-30,40.0,35.57,270.18,ARS,interes + amortizacion
CUAP,2042-12-31,35.0,31.47,270.18,ARS,interes + amortizacion
CUAP,2043-06-30,30.0,26.68,270.18,ARS,interes + amortizacion
CUAP,2043-12-31,25.0,22.48,270.18,ARS,interes + amortizacion
CUAP,2044-06-30,20.0,17.79,270.18,ARS,interes + amortizacion
CUAP,2044-12-31,15.0,13.49,270.18,ARS,interes + amortizacion
CUAP,2045-06-30,10.0,8.89,270.18,ARS,interes + amortizacion
CUAP,2045-12-31,5.0,4.5,270.18,ARS,interes + amortizacion
DICP,2026-06-30,80.0,2.96,6.35,ARS,interes + amortizacion
DICP,2026-12-31,75.0,2.78,6.35,ARS,interes + amortizacion
DICP,2027-06-30,70.0,2.59,6.35,ARS,interes + amortizacion
DICP,2027-12-31,65.0,2.41,6.35,ARS,interes + amortizacion
DICP,2028-06-30,60.0,2.22,6.35,ARS,interes + amortizacion
DICP,2028-12-31,55.,2.04,6.35,ARS,interes + amortizacion
DICP,2029-06-30,50.0,1.85,6.35,ARS,interes + amortizacion
DICP,2029-12-31,45.0,1.67,6.35,ARS,interes + amortizacion
DICP,2030-06-30,40.,1.48,6.35,ARS,interes + amortizacion
DICP,2030-12-31,35.0,1.3,6.35,ARS,interes + amortizacion
DICP,2031-06-30,30.0,1.11,6.35,ARS,interes + amortizacion
DICP,2031-12-31,25.0,0.93,6.35,ARS,interes + amortizacion
DICP,2032-06-30,20.0,0.74,6.35,ARS,interes + amortizacion
DICP,2032-12-31,15.0,0.56,6.35,ARS,interes + amortizacion
DICP,2033-06-30,10.0,0.37,6.35,ARS,interes + amortizacion
DICP,2033-12-31,5.0,0.19,6.35,ARS,interes + amortizacion
DNC3O,2026-05-22,100.0,4.88,0.0,USD,interes
DNC3O,2026-11-22,100.0,4.88,100.0,USD,interes + amortizacion
GD29D,2026-07-09,70.0,0.35,10.0,USD,intereses + amortizacion
GD29D,2027-01-09,60.0,0.3,10.0,USD,intereses + amortizacion
GD29D,2027-07-09,50.0,0.25,10.0,USD,intereses + amortizacion
GD29D,2028-01-09,40.0,0.2,10.0,USD,intereses + amortizacion
GD29D,2028-07-09,30.0,0.15,10.0,USD,intereses + amortizacion
GD29D,2029-01-09,20.0,0.1,10.0,USD,intereses + amortizacion
GD29D,2029-07-09,10.0,0.05,10.0,USD,intereses + amortizacion
GD30D,2026-07-09,72.0,0.27,8.0,USD,intereses + amortizacion
GD30D,2027-01-09,64.0,0.24,8.0,USD,intereses + amortizacion
GD30D,2027-07-09,56.0,0.21,8.0,USD,intereses + amortizacion
GD30D,2028-01-09,48.0,0.42,8.0,USD,intereses + amortizacion
GD30D,2028-07-09,40.0,0.35,8.0,USD,intereses + amortizacion
GD30D,2029-01-09,32.0,0.28,8.0,USD,intereses + amortizacion
GD30D,2029-07-09,24.0,0.21,8.0,USD,intereses + amortizacion
GD30D,2030-01-09,16.0,0.14,8.0,USD,intereses + amortizacion
GD30D,2030-07-09,8.0,0.07,8.0,USD,intereses + amortizacion
GD35D,2026-07-09,100.0000,2.0600,0.0000,USD,intereses
GD35D,2027-01-09,100.0000,2.0600,0.0000,USD,intereses
GD35D,2027-07-09,100.0000,2.0600,0.0000,USD,intereses
GD35D,2028-01-09,100.0000,2.3800,0.0000,USD,intereses
GD35D,2028-07-09,100.0000,2.3800,0.0000,USD,intereses
GD35D,2029-01-09,100.0000,2.5000,0.0000,USD,intereses
GD35D,2029-07-09,100.0000,2.5000,0.0000,USD,intereses
GD35D,2030-01-09,100.0000,2.5000,0.0000,USD,intereses
GD35D,2030-07-09,100.0000,2.5000,0.0000,USD,intereses
GD35D,2031-01-09,100.0000,2.5000,10.0000,USD,intereses + amortizacion
GD35D,2031-07-09,90.0000,2.2500,10.0000,USD,intereses + amortizacion
GD35D,2032-01-09,80.0000,2.0000,10.0000,USD,intereses + amortizacion
GD35D,2032-07-09,70.0000,1.7500,10.0000,USD,intereses + amortizacion
GD35D,2033-01-09,60.0000,1.5000,10.0000,USD,intereses + amortizacion
GD35D,2033-07-09,50.0000,1.2500,10.0000,USD,intereses + amortizacion
GD35D,2034-01-09,40.0000,1.0000,10.0000,USD,intereses + amortizacion
GD35D,2034-07-09,30.0000,0.7500,10.0000,USD,intereses + amortizacion
GD35D,2035-01-09,20.0000,0.5000,10.0000,USD,intereses + amortizacion
GD35D,2035-07-09,10.0000,0.2500,10.0000,USD,intereses + amortizacion
GD38D,2026-07-09,100.0,2.5,0.0,USD,intereses
GD38D,2027-01-09,100.0,2.5,0.0,USD,intereses
GD38D,2027-07-09,100.0,2.5,4.55,USD,intereses + amortizacion
GD38D,2028-01-09,95.4546,2.39,4.55,USD,intereses + amortizacion
GD38D,2028-07-09,90.9091,2.27,4.55,USD,intereses + amortizacion
GD38D,2029-01-09,86.3637,2.16,4.55,USD,intereses + amortizacion
GD38D,2029-07-09,81.8182,2.05,4.55,USD,intereses + amortizacion
GD38D,2030-01-09,77.2728,1.93,4.55,USD,intereses + amortizacion
GD38D,2030-07-09,72.7273,1.82,4.55,USD,intereses + amortizacion
GD38D,2031-01-09,68.1819,1.7,4.55,USD,intereses + amortizacion
GD38D,2031-07-09,63.6364,1.59,4.55,USD,intereses + amortizacion
GD38D,2032-01-09,59.0909,1.48,4.55,USD,intereses + amortizacion
GD38D,2032-07-09,54.5455,1.36,4.55,USD,intereses + amortizacion
GD38D,2033-01-09,50.0001,1.25,4.55,USD,intereses + amortizacion
GD38D,2033-07-09,45.4546,1.14,4.55,USD,intereses + amortizacion
GD38D,2034-01-09,40.9092,1.02,4.55,USD,intereses + amortizacion
GD38D,2034-07-09,36.3637,0.91,4.55,USD,intereses + amortizacion
GD38D,2035-01-09,31.8183,0.8,4.55,USD,intereses + amortizacion
GD38D,2035-07-09,27.2728,0.68,4.55,USD,intereses + amortizacion
GD38D,2036-01-09,22.7274,0.57,4.55,USD,intereses + amortizacion
GD38D,2036-07-09,18.1819,0.45,4.55,USD,intereses + amortizacion
GD38D,2037-01-09,13.6365,0.34,4.55,USD,intereses + amortizacion
GD38D,2037-07-09,9.0909,0.23,4.55,USD,intereses + amortizacion
GD38D,2038-01-09,4.55,0.11,4.55,USD,intereses + amortizacion
GD41D,2026-07-09,100.0,1.75,0.0,USD,intereses
GD41D,2027-01-09,100.0,1.75,0.0,USD,intereses
GD41D,2027-07-09,100.0,1.75,0.0,USD,intereses
GD41D,2028-01-09,100.0,1.75,3.57,USD,intereses + amortizacion
GD41D,2028-07-09,96.4286,1.69,3.57,USD,intereses + amortizacion
GD41D,2029-01-09,92.8571,1.63,3.57,USD,intereses + amortizacion
GD41D,2029-07-09,89.2857,1.56,3.57,USD,intereses + amortizacion
GD41D,2030-01-09,85.7143,2.09,3.57,USD,intereses + amortizacion
GD41D,2030-07-09,82.1429,2.0,3.57,USD,intereses + amortizacion
GD41D,2031-01-09,78.5714,1.92,3.57,USD,intereses + amortizacion
GD41D,2031-07-09,75.0,1.83,3.57,USD,intereses + amortizacion
GD41D,2032-01-09,71.4286,1.74,3.57,USD,intereses + amortizacion
GD41D,2032-07-09,67.8571,1.65,3.57,USD,intereses + amortizacion
GD41D,2033-01-09,64.2857,1.57,3.57,USD,intereses + amortizacion
GD41D,2033-07-09,60.7143,1.48,3.57,USD,intereses + amortizacion
GD41D,2034-01-09,57.1429,1.39,3.57,USD,intereses + amortizacion
GD41D,2034-07-09,53.5714,1.31,3.57,USD,intereses + amortizacion
GD41D,2035-01-09,50.0,1.22,3.57,USD,intereses + amortizacion
GD41D,2035-07-09,46.4286,1.13,3.57,USD,intereses + amortizacion
GD41D,2036-01-09,42.8571,1.04,3.57,USD,intereses + amortizacion
GD41D,2036-07-09,39.2857,0.96,3.57,USD,intereses + amortizacion
GD41D,2037-01-09,35.7143,0.87,3.57,USD,intereses + amortizacion
GD41D,2037-07-09,32.1429,0.78,3.57,USD,intereses + amortizacion
GD41D,2038-01-09,28.5714,0.7,3.57,USD,intereses + amortizacion
GD41D,2038-07-09,25.0,0.61,3.57,USD,intereses + amortizacion
GD41D,2039-01-09,21.4286,0.52,3.57,USD,intereses + amortizacion
GD41D,2039-07-09,17.8571,0.44,3.57,USD,intereses + amortizacion
GD41D,2040-01-09,14.2857,0.35,3.57,USD,intereses + amortizacion
GD41D,2040-07-09,10.7143,0.26,3.57,USD,intereses + amortizacion
GD41D,2041-01-09,7.1429,0.17,3.57,USD,intereses + amortizacion
GD41D,2041-07-09,3.5714,0.09,3.57,USD,intereses + amortizacion
GD46D,2026-07-09,93.1818,1.92,2.27,USD,intereses + amortizacion
GD46D,2027-01-09,90.9091,1.88,2.27,USD,intereses + amortizacion
GD46D,2027-07-09,88.6364,1.83,2.27,USD,intereses + amortizacion
GD46D,2028-01-09,86.3636,1.89,2.27,USD,intereses + amortizacion
GD46D,2028-07-09,84.0909,1.84,2.27,USD,intereses + amortizacion
GD46D,2029-01-09,81.8182,2.05,2.27,USD,intereses + amortizacion
GD46D,2029-07-09,79.5455,1.99,2.27,USD,intereses + amortizacion
GD46D,2030-01-09,77.2727,1.93,2.27,USD,intereses + amortizacion
GD46D,2030-07-09,75.0,1.88,2.27,USD,intereses + amortizacion
GD46D,2031-01-09,72.7273,1.82,2.27,USD,intereses + amortizacion
GD46D,2031-07-09,70.4545,1.76,2.27,USD,intereses + amortizacion
GD46D,2032-01-09,68.1818,1.7,2.27,USD,intereses + amortizacion
GD46D,2032-07-09,65.9091,1.65,2.27,USD,intereses + amortizacion
GD46D,2033-01-09,63.6364,1.59,2.27,USD,intereses + amortizacion
GD46D,2033-07-09,61.3636,1.53,2.27,USD,intereses + amortizacion
GD46D,2034-01-09,59.0909,1.48,2.27,USD,intereses + amortizacion
GD46D,2034-07-09,56.8182,1.42,2.27,USD,intereses + amortizacion
GD46D,2035-01-09,54.5455,1.36,2.27,USD,intereses + amortizacion
GD46D,2035-07-09,52.2727,1.31,2.27,USD,intereses + amortizacion
GD46D,2036-01-09,50.0,1.25,2.27,USD,intereses + amortizacion
GD46D,2036-07-09,47.7273,1.19,2.27,USD,intereses + amortizacion
GD46D,2037-01-09,45.4545,1.14,2.27,USD,intereses + amortizacion
GD46D,2037-07-09,43.1818,1.08,2.27,USD,intereses + amortizacion
GD46D,2038-01-09,40.9091,1.02,2.27,USD,intereses + amortizacion
GD46D,2038-07-09,38.6364,0.97,2.27,USD,intereses + amortizacion
GD46D,2039-01-09,36.3636,0.91,2.27,USD,intereses + amortizacion
GD46D,2039-07-09,34.0909,0.85,2.27,USD,intereses + amortizacion
GD46D,2040-01-09,31.8182,0.8,2.27,USD,intereses + amortizacion
GD46D,2040-07-09,29.5455,0.74,2.27,USD,intereses + amortizacion
GD46D,2041-01-09,27.2727,0.68,2.27,USD,intereses + amortizacion
GD46D,2041-07-09,25.0,0.62,2.27,USD,intereses + amortizacion
GD46D,2042-01-09,22.7273,0.57,2.27,USD,intereses + amortizacion
GD46D,2042-07-09,20.4545,0.51,2.27,USD,intereses + amortizacion
GD46D,2043-01-09,18.1818,0.45,2.27,USD,intereses + amortizacion
GD46D,2043-07-09,15.9091,0.4,2.27,USD,intereses + amortizacion
GD46D,2044-01-09,13.6364,0.34,2.27,USD,intereses + amortizacion
GD46D,2044-07-09,11.3636,0.28,2.27,USD,intereses + amortizacion
GD46D,2045-01-09,9.0909,0.23,2.27,USD,intereses + amortizacion
GD46D,2045-07-09,6.8182,0.17,2.27,USD,intereses + amortizacion
GD46D,2046-01-09,4.5455,0.11,2.27,USD,intereses + amortizacion
GD46D,2046-07-09,2.2727,0.06,2.27,USD,intereses + amortizacion
IRCNO,2026-07-22,100.0,2.85,0.0,USD,interes
IRCNO,2027-01-22,100.0,2.9,0.0,USD,interes
IRCNO,2027-07-22,100.0,2.85,0.0,USD,interes
IRCNO,2027-10-22,100.0,1.45,100.0,USD,interes + amortizacion
IRCOO,2026-07-23,100.0,3.6,0.0,USD,interes
IRCOO,2027-01-23,100.0,3.65,0.0,USD,interes
IRCOO,2027-07-23,100.0,3.6,0.0,USD,interes
IRCOO,2028-01-23,100.0,3.65,0.0,USD,interes
IRCOO,2028-07-23,100.0,3.62,0.0,USD,interes
IRCOO,2029-01-23,100.0,3.65,0.0,USD,interes
IRCOO,2029-07-23,100.0,3.6,0.0,USD,interes
IRCOO,2029-10-23,100.0,1.83,100.0,USD,interes + amortizacion
LMS9O,2026-03-13,100.0,1.5,0.0,USD,interes
LMS9O,2026-06-13,100.0,1.53,100.0,USD,interes + amortizacion
MTCGO,2026-03-30,100.0,2.74,0.0,USD,interes
MTCGO,2026-06-30,100.0,2.74,100.0,USD,interes + amortizacion
PAP0,2026-03-31,100.0,34.44,0.0,ARS,interes
PAP0,2026-09-30,100.0,34.44,0.0,ARS,interes
PAP0,2027-03-31,100.0,34.44,0.0,ARS,interes
PAP0,2027-09-30,100.0,34.44,0.0,ARS,interes
PAP0,2028-03-31,100.0,34.44,0.0,ARS,interes
PAP0,2028-09-30,100.0,34.44,0.0,ARS,interes
PAP0,2029-03-31,100.0,34.44,0.0,ARS,interes
PAP0,2029-09-30,100.0,48.25,194.57,ARS,interes + amortizacion
PAP0,2030-03-31,95.0,45.84,194.57,ARS,interes + amortizacion
PAP0,2030-09-30,90.0,43.43,194.57,ARS,interes + amortizacion
PAP0,2031-03-31,85.0,41.02,194.57,ARS,interes + amortizacion
PAP0,2031-09-30,80.0,38.6,194.57,ARS,interes + amortizacion
PAP0,2032-03-31,75.0,36.19,194.57,ARS,interes + amortizacion
PAP0,2032-09-30,70.0,33.78,194.57,ARS,interes + amortizacion
PAP0,2033-03-31,65.0,31.36,194.57,ARS,interes + amortizacion
PAP0,2033-09-30,60.0,28.95,194.57,ARS,interes + amortizacion
PAP0,2034-03-31,55.,26.54,194.57,ARS,interes + amortizacion
PAP0,2034-09-30,50.0,24.13,194.57,ARS,interes + amortizacion
PAP0,2035-03-31,45.0,21.71,194.57,ARS,interes + amortizacion
PAP0,2035-09-30,40.,19.3,194.57,ARS,interes + amortizacion
PAP0,2036-03-31,35.0,16.89,194.57,ARS,interes + amortizacion
PAP0,2036-09-30,30.0,14.48,194.57,ARS,interes + amortizacion
PAP0,2037-03-31,25.0,12.06,194.57,ARS,interes + amortizacion
PAP0,2037-09-30,20.0,9.65,194.57,ARS,interes + amortizacion
PAP0,2038-03-31,15.0,7.24,194.57,ARS,interes + amortizacion
PAP0,2038-09-30,10.0,4.83,194.57,ARS,interes + amortizacion
PAP0,2038-12-31,5.0,1.21,194.57,ARS,interes + amortizacion
PARP,2026-03-31,100.0,34.44,0.0,ARS,interes
PARP,2026-09-30,100.0,34.44,0.0,ARS,interes
PARP,2027-03-31,100.0,34.44,0.0,ARS,interes
PARP,2027-09-30,100.0,34.44,0.0,ARS,interes
PARP,2028-03-31,100.0,34.44,0.0,ARS,interes
PARP,2028-09-30,100.0,34.44,0.0,ARS,interes
PARP,2029-03-31,100.0,34.44,0.0,ARS,interes
PARP,2029-09-30,100.0,48.25,194.57,ARS,interes + amortizacion
PARP,2030-03-31,95.0,45.84,194.57,ARS,interes + amortizacion
PARP,2030-09-30,90.0,43.43,194.57,ARS,interes + amortizacion
PARP,2031-03-31,85.0,41.02,194.57,ARS,interes + amortizacion
PARP,2031-09-30,80.0,38.6,194.57,ARS,interes + amortizacion
PARP,2032-03-31,75.0,36.19,194.57,ARS,interes + amortizacion
PARP,2032-09-30,70.0,33.78,194.57,ARS,interes + amortizacion
PARP,2033-03-31,65.0,31.36,194.57,ARS,interes + amortizacion
PARP,2033-09-30,60.0,28.95,194.57,ARS,interes + amortizacion
PARP,2034-03-31,55.,26.54,194.57,ARS,interes + amortizacion
PARP,2034-09-30,50.0,24.13,194.57,ARS,interes + amortizacion
PARP,2035-03-31,45.0,21.71,194.57,ARS,interes + amortizacion
PARP,2035-09-30,40.,19.3,194.57,ARS,interes + amortizacion
PARP,2036-03-31,35.0,16.89,194.57,ARS,interes + amortizacion
PARP,2036-09-30,30.0,14.48,194.57,ARS,interes + amortizacion
PARP,2037-03-31,25.0,12.06,194.57,ARS,interes + amortizacion
PARP,2037-09-30,20.0,9.65,194.57,ARS,interes + amortizacion
PARP,2038-03-31,15.0,7.24,194.57,ARS,interes + amortizacion
PARP,2038-09-30,10.0,4.83,194.57,ARS,interes + amortizacion
PARP,2038-12-31,5.0,1.21,194.57,ARS,interes + amortizacion
PN35O,2026-03-27,100.0,3.5,0.0,USD,interes
PN35O,2026-09-27,100.0,3.5,0.0,USD,interes
PN35O,2027-03-27,100.0,3.5,0.0,USD,interes
PN35O,2027-09-27,100.0,3.5,0.0,USD,interes
PN35O,2028-03-27,100.0,3.5,0.0,USD,interes
PN35O,2028-09-27,100.0,3.5,0.0,USD,interes
PN35O,2029-03-27,100.0,3.5,0.0,USD,interes
PN35O,2029-09-27,100.0,3.5,100.0,USD,interes + amortizacion
PN36O,2026-05-13,100.0,3.6,0.0000,USD,interes
PN36O,2026-11-13,100.0,3.65,0.0000,USD,interes
PN36O,2027-05-13,100.0,3.6,0.0000,USD,interes
PN36O,2027-11-13,100.0,3.65,0.0000,USD,interes
PN36O,2028-05-13,100.0,3.62,0.0000,USD,interes
PN36O,2028-11-13,100.0,3.65,0.0000,USD,interes
PN36O,2029-05-13,100.0,3.6,0.0000,USD,interes
PN36O,2029-11-13,100.0,3.65,0.0000,USD,interes
PN36O,2030-05-13,100.0,3.6,0.0000,USD,interes
PN36O,2030-11-13,100.0,3.65,0.0000,USD,interes
PN36O,2031-05-13,100.0,3.6,0.0000,USD,interes
PN36O,2031-11-13,100.0,3.65,100.0,USD,interes
PN37O,2026-05-13,100.0,3.1,0.0,USD,interes
PN37O,2026-11-13,100.0,3.15,0.0,USD,interes
PN37O,2027-05-13,100.0,3.1,0.0,USD,interes
PN37O,2027-11-13,100.0,3.15,0.0,USD,interes
PN37O,2028-05-13,100.0,3.12,0.0,USD,interes
PN37O,2028-11-13,100.0,3.15,100.0,USD,interes + amortizacion
TLC1O,2026-07-18,100.0,4.0,100.0,USD,interes + amortizacion
TLCMO,2026-07-18,100.0,4.75,0.0,USD,interes
TLCMO,2027-01-18,100.0,4.75,0.0,USD,interes
TLCMO,2027-07-18,100.0,4.75,0.0,USD,interes
TLCMO,2028-01-18,100.0,4.75,0.0,USD,interes
TLCMO,2028-07-18,100.0,4.75,0.0,USD,interes
TLCMO,2029-01-18,100.0,4.75,0.0,USD,interes
TLCMO,2029-07-18,100.0,4.75,33.0,USD,interes + amortizacion
TLCMO,2030-01-18,67.0,3.18,0.0,USD,interes
TLCMO,2030-07-18,67.0,3.18,33.0,USD,interes + amortizacion
TLCMO,2031-01-18,34.0,1.62,0.0,USD,interes
TLCMO,2031-07-18,34.0,1.62,34.0,USD,interes + amortizacion
TX26,2026-05-09,40.0,0.4,20.0,ARS CER,interes + amortizacion
TX26,2026-11-09,20.0,0.2,20.0,ARS CER,interes + amortizacion
VSCRO,2026-04-10,100.0,3.81,0.0,USD,interes
VSCRO,2026-10-10,100.0,3.84,0.0,USD,interes
VSCRO,2027-04-10,100.0,3.81,0.0,USD,interes
VSCRO,2027-10-10,100.0,3.84,0.0,USD,interes
VSCRO,2028-04-10,100.0,3.84,0.0,USD,interes
VSCRO,2028-10-10,100.0,3.84,0.0,USD,interes
VSCRO,2029-04-10,100.0,3.81,0.0,USD,interes
VSCRO,2029-10-10,100.0,3.84,33.0,USD,interes + amortizacion
VSCRO,2030-04-10,67.0,2.56,0.0,USD,interes
VSCRO,2030-10-10,67.0,2.57,33.0,USD,interes + amortizacion
VSCRO,2031-04-10,34.0,1.3,0.0,USD,interes
VSCRO,2031-10-10,34.0,1.3,34.0,USD,interes + amortizacion
VSCTO,2026-06-10,100.0,3.8,0.0,USD,interes
VSCTO,2026-12-10,100.0,3.82,0.0,USD,interes
VSCTO,2027-06-10,100.0,3.8,0.0,USD,interes
VSCTO,2027-12-10,100.0,3.82,0.0,USD,interes
VSCTO,2028-06-10,100.0,3.82,0.0,USD,interes
VSCTO,2028-12-10,100.0,3.82,0.0,USD,interes
VSCTO,2029-06-10,100.0,3.8,0.0,USD,interes
VSCTO,2029-12-10,100.0,3.82,0.0,USD,interes
VSCTO,2030-06-10,100.0,3.8,0.0,USD,interes
VSCTO,2030-12-10,100.0,3.82,0.0,USD,interes
VSCTO,2031-06-10,100.0,3.8,0.0,USD,interes
VSCTO,2031-12-10,100.0,3.82,0.0,USD,interes
VSCTO,2032-06-10,100.0,3.82,0.0,USD,interes
VSCTO,2032-12-10,100.0,3.82,0.0,USD,interes
VSCTO,2033-06-10,100.0,3.8,0.0,USD,interes
VSCTO,2033-12-10,100.0,3.82,33.0,USD,interes + amortizacion
VSCTO,2034-06-10,67.0,2.55,0.0,USD,interes
VSCTO,2034-12-10,67.0,2.56,33.0,USD,interes + amortizacion
VSCTO,2035-06-10,34.0,1.29,0.0,USD,interes
VSCTO,2035-12-10,34.0,1.3,34.0,USD,interes + amortizacion
YFCJO,2026-04-16,100.0,3.93,0.0,USD,interes
YFCJO,2026-10-16,100.0,3.95,0.0,USD,interes
YFCJO,2027-04-16,100.0,3.93,0.0,USD,interes
YFCJO,2027-10-16,100.0,3.95,0.0,USD,interes
YFCJO,2028-04-16,100.0,3.95,0.0,USD,interes
YFCJO,2028-10-16,100.0,3.95,0.0,USD,interes
YFCJO,2029-04-16,100.0,3.93,0.0,USD,interes
YFCJO,2029-10-16,100.0,3.95,0.0,USD,interes
YFCJO,2030-04-16,100.0,3.93,0.0,USD,interes
YFCJO,2030-10-16,100.0,3.95,33.0,USD,interes + amortizacion
YFCJO,2031-04-16,67.0,2.63,0.0,USD,interes
YFCJO,2031-10-16,67.0,2.65,33.0,USD,interes + amortizacion
YFCJO,2032-04-16,34.0,1.34,0.0,USD,interes
YFCJO,2032-10-16,34.0,1.34,34.0,USD,interes + amortizacion
YM34O,2026-07-17,100.0,4.09,0.0,USD,interes
YM34O,2027-01-17,100.0,4.16,0.0,USD,interes
YM34O,2027-07-17,100.0,4.09,0.0,USD,interes
YM34O,2028-01-17,100.0,4.16,0.0,USD,interes
YM34O,2028-07-17,100.0,4.11,0.0,USD,interes
YM34O,2029-01-17,100.0,4.16,0.0,USD,interes
YM34O,2029-07-17,100.0,4.09,0.0,USD,interes
YM34O,2030-01-17,100.0,4.16,0.0,USD,interes
YM34O,2030-07-17,100.0,4.09,0.0,USD,interes
YM34O,2031-01-17,100.0,4.16,0.0,USD,interes
YM34O,2031-07-17,100.0,4.09,0.0,USD,interes
YM34O,2032-01-17,100.0,4.16,30.0,USD,interes + amortizacion
YM34O,2032-07-17,70.0,2.88,0.0,USD,interes
YM34O,2033-01-17,70.0,2.91,30.0,USD,interes + amortizacion
YM34O,2033-07-17,40.0,1.64,0.0,USD,interes
YM34O,2034-01-17,40.0,1.66,40.0,USD,interes + amortizacion
YMCIO,2026-06-30,100.0,4.5,14.28,USD,interes + amortizacion
YMCIO,2026-12-30,85.7150,3.86,14.28,USD,interes + amortizacion
YMCIO,2027-06-30,71.43,3.21,14.28,USD,interes + amortizacion
YMCIO,2027-12-30,57.14,2.57,14.28,USD,interes + amortizacion
YMCIO,2028-06-30,42.86,1.93,14.28,USD,interes + amortizacion
YMCIO,2028-12-30,28.57,1.29,14.28,USD,interes + amortizacion
YMCIO,2029-06-30,14.29,0.64,14.28,USD,interes + amortizacion
YMCJO,2026-03-30,100.0,3.5,0.0,USD,interes
YMCJO,2026-09-30,100.0,3.5,0.0,USD,interes
YMCJO,2027-03-30,100.0,3.5,0.0,USD,interes
YMCJO,2027-09-30,100.0,3.5,0.0,USD,interes
YMCJO,2028-03-30,100.0,3.5,0.0,USD,interes
YMCJO,2028-09-30,100.0,3.5,0.0,USD,interes
YMCJO,2029-03-30,100.0,3.5,0.0,USD,interes
YMCJO,2029-09-30,100.0,3.5,0.0,USD,interes
YMCJO,2030-03-30,100.0,3.5,0.0,USD,interes
YMCJO,2030-09-30,100.0,3.5,25.0,USD,interes + amortizacion
YMCJO,2031-03-30,75.0,2.62,0.0,USD,interes
YMCJO,2031-09-30,75.0,2.62,25.0,USD,interes + amortizacion
YMCJO,2032-03-30,50.0,1.75,0.0,USD,interes
YMCJO,2032-09-30,50.0,1.75,25.0,USD,interes + amortizacion
YMCJO,2033-03-30,25.0,0.88,0.0,USD,interes
YMCJO,2033-09-30,25.0,0.88,25.0,USD,interes + amortizacion
YMCVO,2026-02-28,100.0,1.51,0.0,USD,interes
YMCVO,2026-05-28,100.0,1.46,100.0,USD,interes + amortizacion
YMCXO,2026-03-11,100.0,4.38,0.0,USD,interes
YMCXO,2026-09-11,100.0,4.38,0.0,USD,interes
YMCXO,2027-03-11,100.0,4.38,0.0,USD,interes
YMCXO,2027-09-11,100.0,4.38,0.0,USD,interes
YMCXO,2028-03-11,100.0,4.38,0.0,USD,interes
YMCXO,2028-09-11,100.0,4.38,0.0,USD,interes
YMCXO,2029-03-11,100.0,4.38,0.0,USD,interes
YMCXO,2029-09-11,100.0,4.38,20.0,USD,interes + amortizacion
YMCXO,2030-03-11,80.0,3.5,0.0,USD,interes
YMCXO,2030-09-11,80.0,3.5,20.0,USD,interes + amortizacion
YMCXO,2031-03-11,60.0,2.62,0.0,USD,interes
YMCXO,2031-09-11,60.0,2.62,60.0,USD,interes + amortizacion
